class-sw-preflight.php	CLASS	SW_Preflight	0
class-sw-sync-post.php	CLASS	SW_Sync_Post	0
dispatcher.php	FUNC	soundwave_sync_order_to_beartraxs	8
extract_art.php	FUNC	sw_get_meta_first	0
extract_art.php	FUNC	sw_extract_art_urls	1
extract_attributes.php	FUNC	sw_extract_attributes_map	0
extract_coupons.php	FUNC	sw_extract_coupons	0
extract_images.php	FUNC	sw_extract_variation_image_url	0
extract_images.php	FUNC	sw_image_url_from_id	0
extract_shipping.php	FUNC	sw_extract_shipping_lines	0
helpers/product-image.php	FUNC	swp_norm_product	0
helpers/product-image.php	FUNC	sw_product_image_full_from_product	0
helpers/product-image.php	FUNC	sw_original_art_from_product	0
helpers/product-image.php	FUNC	sw_enrich_payload_with_image	2
http_send.php	FUNC	sw_http_send	3
line_builder_custom.php	FUNC	sw_build_line_items	0
line_builder_placeholder.php	FUNC	sw_build_line_items_placeholder	2
line_builder_placeholder.php	FUNC	normalize_label	0
payload_compose.php	FUNC	sw_compose_payload	5
payload_overrides_paid.php	FUNC	sw_payload_overrides	0
validate.php	FUNC	sw_normalize_key	0
validate.php	FUNC	sw_collect_item_attrs	0
validate.php	FUNC	sw_validate_order	0
