class-sw-preflight.php	CLASS	SW_Preflight
class-sw-sync-post.php	CLASS	SW_Sync_Post
dispatcher.php	FUNC	soundwave_sync_order_to_beartraxs
extract_art.php	FUNC	sw_get_meta_first
extract_art.php	FUNC	sw_extract_art_urls
extract_attributes.php	FUNC	sw_extract_attributes_map
extract_coupons.php	FUNC	sw_extract_coupons
extract_images.php	FUNC	sw_extract_variation_image_url
extract_images.php	FUNC	sw_image_url_from_id
extract_shipping.php	FUNC	sw_extract_shipping_lines
helpers/product-image.php	FUNC	swp_norm_product
helpers/product-image.php	FUNC	sw_product_image_full_from_product
helpers/product-image.php	FUNC	sw_original_art_from_product
helpers/product-image.php	FUNC	sw_enrich_payload_with_image
http_send.php	FUNC	sw_http_send
line_builder_custom.php	FUNC	sw_build_line_items
line_builder_placeholder.php	FUNC	sw_build_line_items_placeholder
line_builder_placeholder.php	FUNC	normalize_label
payload_compose.php	FUNC	sw_compose_payload
payload_overrides_paid.php	FUNC	sw_payload_overrides
validate.php	FUNC	sw_normalize_key
validate.php	FUNC	sw_collect_item_attrs
validate.php	FUNC	sw_validate_order
